objectId,geoPosition_____type,geoPosition__latitude,geoPosition__longitude,countryCode,postalCode,placeName,adminName1,adminName2,adminName3
t4zh69sSS6,GeoPoint,18.9474,72.8138,IN,400001,Town Hall (Mumbai),Maharashtra,Mumbai,Mumbai
cSfjoDH7wm,GeoPoint,18.9474,72.8138,IN,400001,Tajmahal,Maharashtra,Mumbai,Mumbai
LQTtPoofvx,GeoPoint,18.9474,72.8138,IN,400001,Stock Exchange,Maharashtra,Mumbai,Mumbai
UH7NFa8qb1,GeoPoint,18.9474,72.8138,IN,400001,Mumbai G.P.O.,Maharashtra,Mumbai,Mumbai
sCBSgrQiZa,GeoPoint,18.9474,72.8138,IN,400001,M.P.T.,Maharashtra,Mumbai,Mumbai
TDXs7ZgFqp,GeoPoint,18.9474,72.8138,IN,400001,Bazargate,Maharashtra,Mumbai,Mumbai
apvT9KrCpc,GeoPoint,18.975,72.8258,IN,400002,Thakurdwar,Maharashtra,Mumbai,Mumbai
BNpHIDD0Nr,GeoPoint,18.975,72.8258,IN,400002,S. C. Court,Maharashtra,Mumbai,Mumbai
V0T4Hs9uLk,GeoPoint,18.975,72.8258,IN,400002,Kalbadevi H.O,Maharashtra,Mumbai,Mumbai
8BhrEdewUw,GeoPoint,18.95,72.8333,IN,400003,Null Bazar,Maharashtra,Mumbai,Dadar
HHUllFR6c5,GeoPoint,18.95,72.8333,IN,400003,Masjid,Maharashtra,Mumbai,Dadar
7LQ9cWue2n,GeoPoint,18.95,72.8333,IN,400003,Mandvi (Mumbai),Maharashtra,Mumbai,Dadar
YYzR5ekpgO,GeoPoint,18.95,72.8333,IN,400003,B.P.Lane,Maharashtra,Mumbai,Dadar
kTfc284PaC,GeoPoint,18.95,72.8167,IN,400004,Opera House,Maharashtra,Mumbai,Mumbai
NwUi4v0Rym,GeoPoint,18.95,72.8167,IN,400004,Madhavbaug,Maharashtra,Mumbai,Mumbai
N1nLJwReRQ,GeoPoint,18.95,72.8167,IN,400004,Girgaon,Maharashtra,Mumbai,Mumbai
aBv79YgBJD,GeoPoint,18.95,72.8167,IN,400004,Chaupati,Maharashtra,Mumbai,Mumbai
FjnPqxzmFE,GeoPoint,18.95,72.8167,IN,400004,Charni Road,Maharashtra,Mumbai,Mumbai
YrQfjkRqHc,GeoPoint,18.95,72.8167,IN,400004,Ambewadi (Mumbai),Maharashtra,Mumbai,Mumbai
eJCJdGFx7X,GeoPoint,18.9069,72.8106,IN,400005,V.W.T.C.,Maharashtra,Mumbai,Mumbai
wamihB62dG,GeoPoint,18.9069,72.8106,IN,400005,Holiday Camp,Maharashtra,Mumbai,Mumbai
QuagsNvZc5,GeoPoint,18.9069,72.8106,IN,400005,Colaba Bazar,Maharashtra,Mumbai,NA
FrkxpkcSqL,GeoPoint,18.9069,72.8106,IN,400005,Colaba,Maharashtra,Mumbai,Mumbai
R85ixHKsCK,GeoPoint,18.9069,72.8106,IN,400005,Asvini,Maharashtra,Mumbai,Mumbai
MPefHbzgkg,GeoPoint,18.9596,72.8496,IN,400006,Malabar Hill,Maharashtra,Mumbai,Mumbai
Aq3rMDhZQh,GeoPoint,18.9667,72.8167,IN,400007,Tardeo,Maharashtra,Mumbai,Mumbai
hkii375Emj,GeoPoint,18.9636,72.8193,IN,400007,S V Marg,Maharashtra,Mumbai,Mumbai
4mXA0kLPpH,GeoPoint,18.9636,72.8193,IN,400007,N.S.Patkar Marg,Maharashtra,Mumbai,Mumbai
pFldJIAjeS,GeoPoint,18.9606,72.822,IN,400007,Grant Road,Maharashtra,Mumbai,Mumbai
ZFuGmPkB5E,GeoPoint,18.9636,72.8193,IN,400007,Bharat Nagar (Mumbai),Maharashtra,Mumbai,Mumbai
vmsR1uxa2F,GeoPoint,18.9474,72.8138,IN,400008,Mumbai Central H.O,Maharashtra,Mumbai,Mumbai
vco5nYpwt0,GeoPoint,18.9474,72.8138,IN,400008,M A Marg,Maharashtra,Mumbai,Mumbai
BqWfWhNXEZ,GeoPoint,18.9474,72.8138,IN,400008,Kamathipura,Maharashtra,Mumbai,Mumbai
VfAqOhXkAn,GeoPoint,18.9474,72.8138,IN,400008,J.J.Hospital,Maharashtra,Mumbai,Mumbai
hs3jpbAPGw,GeoPoint,18.9474,72.8138,IN,400008,Falkland Road,Maharashtra,Mumbai,Mumbai
EOe6TSVWmP,GeoPoint,18.9474,72.8138,IN,400009,Princess Dock,Maharashtra,Mumbai,Dadar
SzhratOgFJ,GeoPoint,18.9474,72.8138,IN,400009,Noor Baug,Maharashtra,Mumbai,Dadar
DfX1CpqyUV,GeoPoint,18.9474,72.8138,IN,400009,Chinchbunder,Maharashtra,Mumbai,Mumbai
fv7G2KHb7e,GeoPoint,18.9681,72.845,IN,400010,V K Bhavan,Maharashtra,Mumbai,Dadar
Q4VBG11lam,GeoPoint,18.9681,72.845,IN,400010,Mazgaon Road,Maharashtra,Mumbai,Dadar
A0TmdjEbvT,GeoPoint,18.9681,72.845,IN,400010,Mazgaon Dock,Maharashtra,Mumbai,Dadar
0SISJjgRwY,GeoPoint,18.9681,72.845,IN,400010,Mazgaon,Maharashtra,Mumbai,Dadar
TKaEAQs1DD,GeoPoint,18.9681,72.845,IN,400010,Dockyard Road,Maharashtra,Mumbai,Dadar
HgBAByhRxh,GeoPoint,18.9833,72.8333,IN,400011,Jacob Circle,Maharashtra,Mumbai,Mumbai
4ik9tJr8lb,GeoPoint,18.9833,72.8333,IN,400011,Haines Road,Maharashtra,Mumbai,Mumbai
H8RkvTaADZ,GeoPoint,18.9833,72.8333,IN,400011,Chinchpokli,Maharashtra,Mumbai,Mumbai
Ewshfgz5TN,GeoPoint,18.9833,72.8333,IN,400011,BPC  Jacob Circle,Maharashtra,Mumbai,Mumbai
XNHowlpqUe,GeoPoint,18.9833,72.8333,IN,400011,Agripada,Maharashtra,Mumbai,Mumbai
0lVEWvLahT,GeoPoint,19,72.8333,IN,400012,Parel Rly Work Shop,Maharashtra,Mumbai,Dadar
Ur9pJ7LJe8,GeoPoint,19,72.8333,IN,400012,Parel Naka,Maharashtra,Mumbai,Mumbai
4TgRyXNV6o,GeoPoint,19,72.8333,IN,400012,Parel,Maharashtra,Mumbai,Dadar
LfM8rOFXwV,GeoPoint,19,72.8333,IN,400012,Lal Baug,Maharashtra,Mumbai,Dadar
w9KeMPifIr,GeoPoint,19,72.8333,IN,400012,Haffkin Institute,Maharashtra,Mumbai,Mumbai
jehG2MEfsj,GeoPoint,19,72.8333,IN,400012,Chamarbaug,Maharashtra,Mumbai,Dadar
hB4Cf9yS8a,GeoPoint,19,72.8333,IN,400012,BEST STaff Quarters,Maharashtra,Mumbai,Dadar
RVEv4g8ZwV,GeoPoint,19.0073,72.8421,IN,400013,Delisle Road,Maharashtra,Mumbai,Mumbai
pbXXPKJ0Or,GeoPoint,19.0073,72.8421,IN,400014,Naigaon (Mumbai),Maharashtra,Mumbai,Mumbai
uhEjITE4mF,GeoPoint,19.0073,72.8421,IN,400014,Dadar H.O,Maharashtra,Mumbai,Mumbai
Rb4767qv6Q,GeoPoint,19.0073,72.8421,IN,400014,Dadar Colony,Maharashtra,Mumbai,Mumbai
zv5krFTh1c,GeoPoint,19,72.85,IN,400015,Sewri,Maharashtra,Mumbai,Dadar
AbiLE1tcSV,GeoPoint,19.0073,72.8421,IN,400016,Mori Road,Maharashtra,Mumbai,Mumbai
G9cE3HhD1A,GeoPoint,19.0073,72.8421,IN,400016,Mahim H.O,Maharashtra,Mumbai,Mumbai
VKoLWCAGHW,GeoPoint,19.0073,72.8421,IN,400016,Mahim East,Maharashtra,Mumbai,Mumbai
ZG40TmA8XW,GeoPoint,19.0073,72.8421,IN,400016,Mahim Bazar,Maharashtra,Mumbai,Mumbai
8I2gAKgZQf,GeoPoint,19.0073,72.8421,IN,400016,Kapad Bazar,Maharashtra,Mumbai,Mumbai
00bm5ogTx3,GeoPoint,19.05,72.8667,IN,400017,Dharavi Road,Maharashtra,Mumbai,Mumbai
SawCFjGvf6,GeoPoint,19.05,72.8667,IN,400017,Dharavi,Maharashtra,Mumbai,Mumbai
DBnHipfXWf,GeoPoint,19.0167,72.8167,IN,400018,Worli Naka,Maharashtra,Mumbai,Mumbai
YKhtxWOhuM,GeoPoint,19.0167,72.8167,IN,400018,Worli,Maharashtra,Mumbai,Mumbai
nBoX4qPNvb,GeoPoint,19.0333,72.85,IN,400019,Matunga,Maharashtra,Mumbai,Mumbai
LQdrA0LpwI,GeoPoint,18.986,72.8259,IN,400020,Marine Lines,Maharashtra,Mumbai,Mumbai
nqB3Sa7OZC,GeoPoint,18.986,72.8259,IN,400020,Churchgate,Maharashtra,Mumbai,Mumbai
UIDVqYX4sY,GeoPoint,18.986,72.8259,IN,400020,Central Building,Maharashtra,Mumbai,Mumbai
O2cxH75XEs,GeoPoint,18.9274,72.8241,IN,400021,New Yogakshema,Maharashtra,Mumbai,Mumbai
6Tj06B5Qyx,GeoPoint,18.9274,72.8241,IN,400021,Nariman Point,Maharashtra,Mumbai,Mumbai
yRJGsyhIDb,GeoPoint,18.9274,72.8241,IN,400021,Elephanta Caves Po,Maharashtra,Raigarh(MH),Uran
GOdE4T56Zr,GeoPoint,19.0333,72.85,IN,400022,Transit Camp,Maharashtra,Mumbai,Chembur
JF6WvrGtKh,GeoPoint,19.0333,72.85,IN,400022,Sion,Maharashtra,Mumbai,Mumbai
TrHclwWosZ,GeoPoint,19.0333,72.85,IN,400022,Raoli Camp,Maharashtra,Mumbai,Chembur
MpynFRscW2,GeoPoint,19.0333,72.85,IN,400022,Chunabhatti,Maharashtra,Mumbai,Chembur
ICvZ7mKgab,GeoPoint,18.986,72.8259,IN,400024,Nehru Nagar (Mumbai),Maharashtra,Mumbai,Chembur
JNHwDkWAsJ,GeoPoint,19.0164,72.8294,IN,400025,Prabhadevi,Maharashtra,Mumbai,Mumbai
DsfDcFcCOY,GeoPoint,19.0164,72.8294,IN,400025,New Prabhadevi Road,Maharashtra,Mumbai,Mumbai
txRmPebLHN,GeoPoint,18.9667,72.8,IN,400026,Gowalia Tank,Maharashtra,Mumbai,Mumbai
wlvmWCt334,GeoPoint,18.9667,72.8,IN,400026,Dr Deshmukh Marg,Maharashtra,Mumbai,Mumbai
eGhHLZXD7g,GeoPoint,18.9667,72.8,IN,400026,Cumballa Sea Face,Maharashtra,Mumbai,Mumbai
5d5qwZnFyJ,GeoPoint,18.9667,72.8,IN,400026,Cumballa Hill,Maharashtra,Mumbai,Mumbai
mk4rCRDXQn,GeoPoint,18.986,72.8259,IN,400027,V J B Udyan,Maharashtra,Mumbai,Dadar
L8rziSaRlA,GeoPoint,18.986,72.8259,IN,400028,Shivaji Park (Mumbai),Maharashtra,Mumbai,Mumbai
cAvQXbkWmY,GeoPoint,18.986,72.8259,IN,400028,S V S Marg,Maharashtra,Mumbai,Mumbai
szAF0uVJad,GeoPoint,18.986,72.8259,IN,400028,Ranade Road,Maharashtra,Mumbai,Mumbai
CyJA46Cd7X,GeoPoint,18.986,72.8259,IN,400028,Gokhale Road (Mumbai),Maharashtra,Mumbai,Mumbai
JYNzcO7V8d,GeoPoint,18.986,72.8259,IN,400028,Bhawani Shankar Rd,Maharashtra,Mumbai,Mumbai
Jj7KmlB45H,GeoPoint,18.986,72.8259,IN,400028,Bhawani Shankar,Maharashtra,Mumbai,Mumbai
dZbtD2lHBG,GeoPoint,18.986,72.8259,IN,400029,Santacruz P&t Colony,Maharashtra,Mumbai,Mumbai
isep93iNMW,GeoPoint,18.986,72.8259,IN,400029,A I Staff Colony,Maharashtra,Mumbai,Mumbai
XuRrpUZC1Q,GeoPoint,19.0167,72.85,IN,400030,Worli Sea Face,Maharashtra,Mumbai,Mumbai
sx9wzpRLUw,GeoPoint,19.0167,72.85,IN,400030,Worli Police Camp,Maharashtra,Mumbai,Mumbai
mmj1FlchDr,GeoPoint,19.0167,72.85,IN,400030,Worli Colony,Maharashtra,Mumbai,Mumbai
wtsXChCHLB,GeoPoint,19.0167,72.85,IN,400030,Century Mill,Maharashtra,Mumbai,Mumbai
BJf8P6YN54,GeoPoint,19.0167,72.85,IN,400031,Wadala Rs,Maharashtra,Mumbai,Mumbai
jCFmchDASQ,GeoPoint,19.0167,72.85,IN,400031,Wadala,Maharashtra,Mumbai,Mumbai
hwtSpokaXf,GeoPoint,19.0167,72.85,IN,400031,Kidwai Nagar (Mumbai),Maharashtra,Mumbai,Mumbai
ZaD4MYnAFg,GeoPoint,19.0167,72.85,IN,400032,Secretariate,Maharashtra,Mumbai,Mumbai
XDuon9NyiQ,GeoPoint,19.0167,72.85,IN,400032,Mantralaya (Mumbai),Maharashtra,Mumbai,Mumbai
wpdaKSRvYU,GeoPoint,19.0167,72.85,IN,400032,High Court Building (Mumbai),Maharashtra,Mumbai,Mumbai
Sif96B3b2I,GeoPoint,19.0167,72.85,IN,400033,Tank Road,Maharashtra,Mumbai,Dadar
AI0kIk7mEP,GeoPoint,19.0167,72.85,IN,400033,Reay Road,Maharashtra,Mumbai,Dadar
HzjnpWJ0M0,GeoPoint,19.0167,72.85,IN,400033,L B S N E collage,Maharashtra,Mumbai,Dadar
7NXyE66gNu,GeoPoint,19.0167,72.85,IN,400033,Kalachowki,Maharashtra,Mumbai,Dadar
AxGMkUE8xo,GeoPoint,19.0167,72.85,IN,400033,Cotton Exchange,Maharashtra,Mumbai,Dadar
vIBJzcLb4F,GeoPoint,19.0167,72.85,IN,400034,Tulsiwadi,Maharashtra,Mumbai,Mumbai
KybvJmUTT2,GeoPoint,19.0167,72.85,IN,400034,Haji Ali,Maharashtra,Mumbai,Mumbai
b7J3akJSPM,GeoPoint,19.0167,72.85,IN,400035,Rajbhavan (Mumbai),Maharashtra,Mumbai,Mumbai
5284e89fTi,GeoPoint,19.0167,72.85,IN,400037,Wadala Truck Terminal,Maharashtra,Mumbai,NA
lg58FW9mUq,GeoPoint,19.0167,72.85,IN,400037,C G S Colony,Maharashtra,Mumbai,Mumbai
ASRKba6JKB,GeoPoint,19.0167,72.85,IN,400037,B P T Colony,Maharashtra,Mumbai,Mumbai
xUoCzY2yHX,GeoPoint,19.0167,72.85,IN,400037,Antop Hill,Maharashtra,Mumbai,Mumbai
3Q6LhAcHXD,GeoPoint,19.0832,72.8748,IN,400042,Bhandup East,Maharashtra,Mumbai,NA
S2FBWvO988,GeoPoint,18.9596,72.8496,IN,400043,Shivaji Nagar (Mumbai),Maharashtra,Mumbai,NA
ljUoGdQjfC,GeoPoint,19.0637,72.9254,IN,400043,D.M. Colony,Maharashtra,Mumbai,NA
oKhBpuD89j,GeoPoint,18.9596,72.8496,IN,400049,Juhu,Maharashtra,Mumbai,Mumbai
bqVIsLA1NQ,GeoPoint,18.9292,72.8856,IN,400050,Bandra West,Maharashtra,Mumbai,Mumbai
P6OVQRzNsU,GeoPoint,18.9596,72.8496,IN,400051,Kherwadi,Maharashtra,Mumbai,Mumbai
Ate9JySe98,GeoPoint,19.0587,72.8452,IN,400051,Bandra(East),Maharashtra,Mumbai,Mumbai
EpURFJUMNF,GeoPoint,19.0587,72.8452,IN,400051,B.N. Bhavan,Maharashtra,Mumbai,Mumbai
SZCBgDgC2Q,GeoPoint,19.0587,72.8452,IN,400051,Audit Bhavan,Maharashtra,Mumbai,Bandra
N4JYkDgwPl,GeoPoint,18.7997,72.926,IN,400052,V.P. Road,Maharashtra,Mumbai,Mumbai
r4VraVIuBM,GeoPoint,18.7997,72.926,IN,400052,Khar Delivery,Maharashtra,Mumbai,Mumbai
2IzcDhRd7x,GeoPoint,18.7997,72.926,IN,400052,Khar Colony,Maharashtra,Mumbai,Mumbai
KKEkhSyK44,GeoPoint,18.9596,72.8496,IN,400052,Danda,Maharashtra,Mumbai,Mumbai
JceDbMCCwD,GeoPoint,18.9292,72.8856,IN,400053,Azad Nagar (Mumbai),Maharashtra,Mumbai,Mumbai
ZD90S5COBY,GeoPoint,18.9292,72.8856,IN,400053,Andheri H.O,Maharashtra,Mumbai,Mumbai
ALDoBucdjS,GeoPoint,18.9292,72.8856,IN,400054,Santacruz(West),Maharashtra,Mumbai,Mumbai
RR48nCk3C0,GeoPoint,18.9292,72.8856,IN,400054,Santacruz Central,Maharashtra,Mumbai,Mumbai
PvI1ZvDvwq,GeoPoint,18.9292,72.8856,IN,400055,Vakola,Maharashtra,Mumbai,Mumbai
5BpotmjlF1,GeoPoint,18.9292,72.8856,IN,400055,Santacruz(East),Maharashtra,Mumbai,Mumbai
XHwTgtmBwA,GeoPoint,18.9292,72.8856,IN,400056,Vileparle(West),Maharashtra,Mumbai,Mumbai
Up6duMDZ4s,GeoPoint,18.9596,72.8496,IN,400056,IRLA,Maharashtra,Mumbai,Mumbai
EkZnl5UUMt,GeoPoint,18.9292,72.8856,IN,400057,Vileparle Railway Station,Maharashtra,Mumbai,Mumbai
ZMpUB9r8SN,GeoPoint,18.9292,72.8856,IN,400057,Vileeparle (East),Maharashtra,Mumbai,Mumbai
aMCVmSE9GD,GeoPoint,18.9292,72.8856,IN,400057,Hanuman Road,Maharashtra,Mumbai,Mumbai
YGghbMCIDf,GeoPoint,18.9292,72.8856,IN,400058,H.M.P. School,Maharashtra,Mumbai,Mumbai
F4bP4jOtPB,GeoPoint,18.9292,72.8856,IN,400058,Andheri Railway Station,Maharashtra,Mumbai,Mumbai
UI35QE6fkS,GeoPoint,18.9292,72.8856,IN,400059,Marol Naka,Maharashtra,Mumbai,Mumbai
jpnRMWEise,GeoPoint,18.9292,72.8856,IN,400059,Marol Bazar,Maharashtra,Mumbai,Mumbai
Az11b6WpNA,GeoPoint,18.9292,72.8856,IN,400059,J.B. Nagar,Maharashtra,Mumbai,Mumbai
ZzPXGKIjjx,GeoPoint,19.1699,72.8504,IN,400060,Jogeshwari East,Maharashtra,Mumbai,Jogeshwari East
i7suJWGgpl,GeoPoint,18.9596,72.8496,IN,400061,Vesava,Maharashtra,Mumbai,Mumbai
FJ7V7bLOBJ,GeoPoint,18.9596,72.8496,IN,400061,Madh,Maharashtra,Mumbai,Mumbai
f7fkMHeQo7,GeoPoint,19.1624,72.8694,IN,400063,Sharma Estate,Maharashtra,Mumbai,Goregaon East
eN97jMr0vM,GeoPoint,18.9596,72.8496,IN,400063,Goregaon East,Maharashtra,Mumbai,Goregaon East
h0Gr2GJwUW,GeoPoint,19.197,72.845,IN,400064,Orlem,Maharashtra,Mumbai,Malad West
DIfS0BtUTZ,GeoPoint,19.197,72.845,IN,400064,Malad West Dely,Maharashtra,Mumbai,Malad West
wczlyut4BF,GeoPoint,18.9596,72.8496,IN,400064,Malad,Maharashtra,Mumbai,Malad West
dWsb8nTpPZ,GeoPoint,19.197,72.845,IN,400064,Liberty Garden,Maharashtra,Mumbai,Malad West
en6mBcTFFH,GeoPoint,19.1699,72.8504,IN,400065,S R P F Camp,Maharashtra,Mumbai,Jogeshwari East
xnTYIcaHVT,GeoPoint,19.1699,72.8504,IN,400065,Nagari Niwara,Maharashtra,Mumbai,Goregaon East
gvpztDom9q,GeoPoint,19.1699,72.8504,IN,400065,Aareymilk Colony,Maharashtra,Mumbai,Goregaon East
koSlNGcsa9,GeoPoint,19.1699,72.8504,IN,400066,S. K.Nagar,Maharashtra,Mumbai,Borivali East
TCJDjwFifl,GeoPoint,19.1699,72.8504,IN,400066,Rajendra Nagar (Mumbai),Maharashtra,Mumbai,Borivali East
PzQwOcnGBo,GeoPoint,19.1699,72.8504,IN,400066,Magthane,Maharashtra,Mumbai,Borivali East
Blmc2szjL0,GeoPoint,19.1699,72.8504,IN,400066,Daulat Nagar (Mumbai),Maharashtra,Mumbai,Borivali East
H6zejoGpyz,GeoPoint,19.1699,72.8504,IN,400066,Borivali East,Maharashtra,Mumbai,Borivlai East
9OAVDMTIYC,GeoPoint,19.1699,72.8504,IN,400067,Kandivali West,Maharashtra,Mumbai,Kandivali West
NAvE53BFns,GeoPoint,19.1699,72.8504,IN,400067,Kandivali RS,Maharashtra,Mumbai,Mumbai
SANGWbn1XR,GeoPoint,19.1699,72.8504,IN,400067,Charkop,Maharashtra,Mumbai,Kandivlai West
G6O9gC3KEx,GeoPoint,18.9596,72.8496,IN,400068,Ketkipada,Maharashtra,Mumbai,Dahisar East
3IRlUMdzk2,GeoPoint,19.2565,72.8733,IN,400068,Dahisar RS,Maharashtra,Mumbai,Dahisar West
IgHDFWP2wP,GeoPoint,19.2565,72.8733,IN,400068,Dahisar,Maharashtra,Mumbai,Dahisar East
vO7e9OtOL2,GeoPoint,19.1145,72.8712,IN,400069,Nagardas Road,Maharashtra,Mumbai,Mumbai
vRxqJNOKb5,GeoPoint,18.9596,72.8496,IN,400069,Andheri East,Maharashtra,Mumbai,Mumbai
8KEXTRUX2q,GeoPoint,19.0713,72.883,IN,400070,Netajinagar,Maharashtra,Mumbai,Chembur
tbOVPbPKEB,GeoPoint,19.0713,72.883,IN,400070,Kurla North,Maharashtra,Mumbai,Chembur
R5AyZ2lbtv,GeoPoint,18.9596,72.8496,IN,400070,Kurla,Maharashtra,Mumbai,Chembur
qdfVU8Zfgw,GeoPoint,19.0931,72.9049,IN,400071,Sindhi Society,Maharashtra,Mumbai,NA
aQleKiFsQQ,GeoPoint,19.0931,72.9049,IN,400071,Chembur H.O,Maharashtra,Mumbai,NA
t1v21Fk6yD,GeoPoint,19.0931,72.9049,IN,400072,Vihar Road,Maharashtra,Mumbai,Chembur
c0TSpAcXfZ,GeoPoint,19.0931,72.9049,IN,400072,Sakinaka,Maharashtra,Mumbai,Chembur
tQ4TjsYzEd,GeoPoint,19.0931,72.9049,IN,400074,Mahul Road,Maharashtra,Mumbai,NA
SVMLv06H2h,GeoPoint,19.0931,72.9049,IN,400074,FCI,Maharashtra,Mumbai,NA
lEYLn3XJA3,GeoPoint,19.0931,72.9049,IN,400074,Chembur Extension,Maharashtra,Mumbai,NA
OsqB5XLzpQ,GeoPoint,19.0931,72.9049,IN,400075,R.A.Nagar,Maharashtra,Mumbai,NA
jicHlwyrDq,GeoPoint,19.0931,72.9049,IN,400075,Pant Nagar,Maharashtra,Mumbai,NA
8dCQmY0iWy,GeoPoint,19.0931,72.9049,IN,400075,Best Staff Colony,Maharashtra,Mumbai,NA
V3kbNXPjtn,GeoPoint,19.0931,72.9049,IN,400076,Powai Iit,Maharashtra,Mumbai,NA
TeFoSZyqE4,GeoPoint,18.9596,72.8496,IN,400077,Rajawadi,Maharashtra,Mumbai,NA
XopIE93UUt,GeoPoint,19.0931,72.9049,IN,400078,Usha Nagar,Maharashtra,Mumbai,NA
estsN5tEGH,GeoPoint,19.0931,72.9049,IN,400078,P.H. Colony,Maharashtra,Mumbai,NA
vb2tC4VIpp,GeoPoint,19.0931,72.9049,IN,400078,J.M. Road,Maharashtra,Mumbai,NA
HLPdRQ4fQT,GeoPoint,19.0931,72.9049,IN,400078,Bhandup West,Maharashtra,Mumbai,NA
qXklpmG27q,GeoPoint,19.0931,72.9049,IN,400078,Bhandup Ind. Estate,Maharashtra,Mumbai,NA
oxHTJSPt26,GeoPoint,18.9596,72.8496,IN,400079,Vikhroli,Maharashtra,Mumbai,NA
4tUdEt6Cbu,GeoPoint,19.1149,72.9267,IN,400079,Psm Colony,Maharashtra,Mumbai,NA
eS23Yc12Jw,GeoPoint,19.176,72.9522,IN,400080,S.B. Road,Maharashtra,Mumbai,NA
F8x08PsLus,GeoPoint,19.176,72.9522,IN,400080,Nehru Road (Mumbai),Maharashtra,Mumbai,NA
IAIRQYUUuS,GeoPoint,19.176,72.9522,IN,400080,Nahur,Maharashtra,Mumbai,NA
r2vlVpmvYD,GeoPoint,18.9596,72.8496,IN,400080,Mulund West,Maharashtra,Mumbai,NA
ErHwB4TbVH,GeoPoint,19.176,72.9522,IN,400080,Mulund Dd Road,Maharashtra,Mumbai,NA
RIjBhdQ66F,GeoPoint,18.9596,72.8496,IN,400081,Mulund East,Maharashtra,Mumbai,NA
faKEBcESpn,GeoPoint,19.1649,72.9608,IN,400081,Mhada Colony,Maharashtra,Mumbai,NA
ORg9x9VG23,GeoPoint,19.1247,72.9488,IN,400082,Mulund Colony,Maharashtra,Mumbai,NA
E4O6HaGrB7,GeoPoint,19.1247,72.9488,IN,400082,Bhandup Complex,Maharashtra,Mumbai,NA
ETumUqD2QW,GeoPoint,19.1247,72.9488,IN,400083,Tagore Nagar,Maharashtra,Mumbai,NA
f8gs5Oj6lB,GeoPoint,19.1247,72.9488,IN,400083,Kannamwar Nagar,Maharashtra,Mumbai,NA
XXlGiAEzih,GeoPoint,19.1247,72.9488,IN,400084,Barve Nagar,Maharashtra,Mumbai,NA
juSApahu3V,GeoPoint,19.1247,72.9488,IN,400085,BARC,Maharashtra,Mumbai,Mumbai
jCDuk5LfHH,GeoPoint,19.1247,72.9488,IN,400086,Sahakar Bhavan,Maharashtra,Mumbai,NA
WyNN4P2kW8,GeoPoint,19.1247,72.9488,IN,400086,Rifle Range,Maharashtra,Mumbai,NA
7SB0VQiSkI,GeoPoint,19.1247,72.9488,IN,400086,Ghatkopar West,Maharashtra,Mumbai,NA
CQnMJkvNEG,GeoPoint,19.1247,72.9488,IN,400087,NITIE,Maharashtra,Mumbai,Mumbai
DQ7D8fRyqs,GeoPoint,18.9596,72.8496,IN,400088,Trombay,Maharashtra,Mumbai,NA
SCqEkDCjVE,GeoPoint,19.0333,72.9333,IN,400088,T.F.Donar,Maharashtra,Mumbai,NA
BlgbnB02zd,GeoPoint,19.0333,72.9333,IN,400088,Govandi,Maharashtra,Mumbai,NA
3RjfYvFBSv,GeoPoint,19.1247,72.9488,IN,400089,Tilak Nagar (Mumbai),Maharashtra,Mumbai,NA
SheCygVIUO,GeoPoint,19.1247,72.9488,IN,400089,Chembur Rs,Maharashtra,Mumbai,NA
eAiHtHaoh9,GeoPoint,19.2361,72.8338,IN,400091,Borivali H.O,Maharashtra,Mumbai,Borivali West
rOEepUCxJm,GeoPoint,18.9596,72.8496,IN,400092,Borivali West,Maharashtra,Mumbai,Borivali West
3oBUv30BX5,GeoPoint,19.2361,72.8338,IN,400093,Chakala Midc,Maharashtra,Mumbai,Mumbai
VhOF3flYy1,GeoPoint,19.2361,72.8338,IN,400094,Anushakti Nagar,Maharashtra,Mumbai,NA
C84ZzfuXTV,GeoPoint,19.2361,72.8338,IN,400095,Kharodi,Maharashtra,Mumbai,Malad West
RZhystpC6U,GeoPoint,19.2361,72.8338,IN,400095,Ins Hamla,Maharashtra,Mumbai,Malad West
lODlF2syKz,GeoPoint,19.2361,72.8338,IN,400096,Seepz,Maharashtra,Mumbai,Mumbai
Z4HgFvUyPJ,GeoPoint,19.2361,72.8338,IN,400097,Rani Sati Marg,Maharashtra,Mumbai,Malad East
SCRcJkxqt8,GeoPoint,19.2361,72.8338,IN,400097,Malad East,Maharashtra,Mumbai,Malad East
bDNMJO9STP,GeoPoint,19.2361,72.8338,IN,400098,Vidyanagari,Maharashtra,Mumbai,Mumbai
Uz3TRZlAmm,GeoPoint,19.2361,72.8338,IN,400099,Sahargaon,Maharashtra,Mumbai,Mumbai
rdOw65bnr1,GeoPoint,19.2361,72.8338,IN,400099,Sahar P & T Colony,Maharashtra,Mumbai,Mumbai
vpwGpJe1BM,GeoPoint,19.2361,72.8338,IN,400099,International Airport,Maharashtra,Mumbai,Mumbai
IBGyhOcBxk,GeoPoint,19.2361,72.8338,IN,400099,Airport (Mumbai),Maharashtra,Mumbai,Mumbai
9DqC6XdyQ3,GeoPoint,19.1624,72.8694,IN,400101,Kandivali East Extn Counter,Maharashtra,Mumbai,Mumbai
ZSJTLYpE0s,GeoPoint,19.1624,72.8694,IN,400101,Kandivali East,Maharashtra,Mumbai,Kandivali East
Bz6TESZke0,GeoPoint,19.1624,72.8694,IN,400102,Oshiwara,Maharashtra,Mumbai,Jogeshwari West
A01yDSpbuu,GeoPoint,19.1624,72.8694,IN,400102,Jogeshwari West,Maharashtra,Mumbai,Jogeshwari West
5LCyB3Pt3b,GeoPoint,19.1624,72.8694,IN,400103,Mandapeshwar,Maharashtra,Mumbai,Borivali West
xjze1hxKr6,GeoPoint,19.1624,72.8694,IN,400104,Motilal Nagar,Maharashtra,Mumbai,Goregaon West
IkDx8MuNVE,GeoPoint,19.1624,72.8694,IN,400104,Goregaon RS,Maharashtra,Mumbai,Goregaon West
TBmDr7uxNm,GeoPoint,18.9596,72.8496,IN,400104,Goregaon (Mumbai),Maharashtra,Mumbai,Goregaon West
xOXsENt8c6,GeoPoint,19.1624,72.8694,IN,400104,Bangur Nagar,Maharashtra,Mumbai,Goregaon West
B7zamR5GUQ,GeoPoint,19.1941,73.0002,IN,400601,Thane R.S.,Maharashtra,Thane,Thane
jBmGYC3UHD,GeoPoint,19.1941,73.0002,IN,400601,Thane H.O,Maharashtra,Thane,Thane
Ph3XmkwdA0,GeoPoint,19.1941,73.0002,IN,400601,Thane Bazar,Maharashtra,Thane,Thane
PAzUqhncsV,GeoPoint,19.1941,73.0002,IN,400602,Naupada (Thane),Maharashtra,Thane,Thane
58VZZYCmqS,GeoPoint,19.1941,73.0002,IN,400602,Gokhale Road (Thane),Maharashtra,Thane,NA
4oeRWf52DG,GeoPoint,19.1941,73.0002,IN,400603,Thane East,Maharashtra,Thane,Thane
BCttO9yG6A,GeoPoint,19.1941,73.0002,IN,400603,Kopri Colony,Maharashtra,Thane,Thane
LzvcCNO7Hp,GeoPoint,19.1941,73.0002,IN,400604,Wagle I.E.,Maharashtra,Thane,Thane
ttHOZa7jkI,GeoPoint,19.1941,73.0002,IN,400605,Kalwa,Maharashtra,Thane,Thane
FWcbn9Kafm,GeoPoint,19.1941,73.0002,IN,400606,Jekegram,Maharashtra,Thane,Thane
eFZFyryARf,GeoPoint,19.1941,73.0002,IN,400607,Sandozbaugh,Maharashtra,Thane,Thane
Sl2NHNwXvW,GeoPoint,19.1941,73.0002,IN,400607,Chitalsar Manpada,Maharashtra,Thane,Thane
ICWCjnvkMX,GeoPoint,19.1941,73.0002,IN,400608,Tapasenagar,Maharashtra,Thane,Thane
edetgFTzfA,GeoPoint,19.1941,73.0002,IN,400608,Shrirangnagar,Maharashtra,Thane,Thane
YqwJg237nh,GeoPoint,19.1941,73.0002,IN,400608,Balkum,Maharashtra,Thane,NA
Y61NDJbbGF,GeoPoint,19.1941,73.0002,IN,400610,Apna Bazar,Maharashtra,Thane,NA
mQWSE4u1hv,GeoPoint,19.1941,73.0002,IN,400612,Waklan,Maharashtra,Thane,Thane
rlYCu9sUMo,GeoPoint,19.1941,73.0002,IN,400612,Mumbra,Maharashtra,Thane,Thane
VUCNahFryq,GeoPoint,19.1941,73.0002,IN,400612,Kausa,Maharashtra,Thane,Thane
SYCURTM88Q,GeoPoint,19.1941,73.0002,IN,400612,Diwa,Maharashtra,Thane,Thane
5ClCWnGdg7,GeoPoint,19.1941,73.0002,IN,400612,Dawale,Maharashtra,Thane,Thane
7lMQbkMWEO,GeoPoint,19.1941,73.0002,IN,400612,Dahisar,Maharashtra,Thane,Thane
Qmy6qmCnsm,GeoPoint,19.1941,73.0002,IN,400614,Konkan Bhavan,Maharashtra,Thane,NA
XO3jSGf1Lm,GeoPoint,19.1941,73.0002,IN,400614,Belapur Node-- III,Maharashtra,Thane,NA
EEPAIF8MO7,GeoPoint,19.1941,73.0002,IN,400614,Belapur Node- V,Maharashtra,Thane,NA
fbG1xGz9o3,GeoPoint,19.1941,73.0002,IN,400615,Kasarvadavali,Maharashtra,Thane,Thane
01jH62A411,GeoPoint,19.1941,73.0002,IN,400615,Ghodbunder Road,Maharashtra,Thane,Thane
xAJNUju6H7,GeoPoint,19.1167,72.9833,IN,400701,Ghansoli,Maharashtra,Thane,Rabale
ziqECNOw3d,GeoPoint,18.8781,72.9392,IN,400702,Uran,Maharashtra,Raigarh(MH),Uran
Fl5epq3geW,GeoPoint,18.9436,72.9577,IN,400702,Sheva,Maharashtra,Raigarh(MH),Uran
bOysNfLE1S,GeoPoint,18.8975,72.9407,IN,400702,ONGC-dronagiri,Maharashtra,Raigarh(MH),Uran
UdXRD7A4Mb,GeoPoint,18.8957,72.9131,IN,400702,Kegaon,Maharashtra,Raigarh(MH),Uran
rjHMfgsbrB,GeoPoint,18.8833,72.9167,IN,400702,Karanja,Maharashtra,Raigarh(MH),Uran
Ynl4eJknHw,GeoPoint,18.8975,72.9407,IN,400702,Chanje,Maharashtra,Raigarh(MH),Uran
4EqPVtPSUP,GeoPoint,18.887,72.9766,IN,400702,Bokadvira,Maharashtra,Raigarh(MH),Uran
YQQuBIGI4s,GeoPoint,19.0787,73.0005,IN,400703,Vashi-VII,Maharashtra,Thane,NA
JFTMuTieLE,GeoPoint,19.0787,73.0005,IN,400703,Vashi Sec-26,Maharashtra,Thane,NA
QNvsjLKq2x,GeoPoint,19.0787,73.0005,IN,400703,Vashi (Thane),Maharashtra,Thane,NA
GvuKWh3U9u,GeoPoint,19.0787,73.0005,IN,400703,Turbhe Market,Maharashtra,Thane,NA
0YNl0BJVur,GeoPoint,19.0787,73.0005,IN,400703,Turbhe,Maharashtra,Thane,NA
WHqzVoZqLX,GeoPoint,19.0787,73.0005,IN,400703,Sanpada,Maharashtra,Thane,Thane
FG86ctCf1K,GeoPoint,19.0787,73.0005,IN,400703,K.U.Bazar,Maharashtra,Thane,NA
ug3Uc5T4YS,GeoPoint,18.9086,72.9299,IN,400704,N.S.Karanja,Maharashtra,Raigarh(MH),Uran
0uK8RNOUo1,GeoPoint,18.9086,72.9299,IN,400704,Mora,Maharashtra,Raigarh(MH),Uran
dYjhkNzqLN,GeoPoint,18.9894,72.961,IN,400706,Nerul Sec-48,Maharashtra,Thane,NA
eSiq8o6g6u,GeoPoint,18.9894,72.961,IN,400706,Nerul Node-III,Maharashtra,Thane,NA
snyrYekU9x,GeoPoint,18.9894,72.961,IN,400706,Nerul Node-II,Maharashtra,Thane,NA
NUxwTdBuTw,GeoPoint,18.9894,72.961,IN,400706,Darave,Maharashtra,Thane,Thane
6jjWCaMrtI,GeoPoint,18.9894,72.961,IN,400707,Navghar,Maharashtra,Raigarh(MH),Uran
M4z86BQeRc,GeoPoint,18.9894,72.961,IN,400707,Jnpt,Maharashtra,Raigarh(MH),Uran
H2ZJrCbBot,GeoPoint,18.9894,72.961,IN,400707,Jaskhar,Maharashtra,Raigarh(MH),Uran
kzwP4DZ8q8,GeoPoint,19.151,72.9962,IN,400708,Airoli,Maharashtra,Thane,Thane
HY4G1RdCuB,GeoPoint,19.151,72.9962,IN,400708,Airoli,Maharashtra,Thane,Digha
H3VRxrLBkL,GeoPoint,18.9894,72.961,IN,400709,Kopar Khairne,Maharashtra,Thane,NA
DrZiry22bC,GeoPoint,18.9894,72.961,IN,400710,Millenium Business Park,Maharashtra,Thane,NA
gMaTTuN2Sy,GeoPoint,19.4115,73.396,IN,401101,Rai,Maharashtra,Thane,Vasai
6nuX9IMIwr,GeoPoint,19.4115,73.396,IN,401101,Bhayander West,Maharashtra,Thane,Thane
1Y1p3VYe8X,GeoPoint,19.4226,74.3807,IN,401102,Virathan Budruk,Maharashtra,Thane,Palghar
XLKy3bRUgo,GeoPoint,19.4226,74.3807,IN,401102,Usarani,Maharashtra,Thane,Palghar
D8mDsoMRMR,GeoPoint,19.4756,73.076,IN,401102,Umbarpada,Maharashtra,Thane,Palghar
QSDp7XHmOO,GeoPoint,19.4226,74.3807,IN,401102,Tembhikhodave,Maharashtra,Thane,Palghar
WdIaMUcPxf,GeoPoint,19.5992,73.1509,IN,401102,Tandulwadi,Maharashtra,Thane,Palghar
EcSS6Bnvxs,GeoPoint,19.5992,73.1509,IN,401102,Pargaon,Maharashtra,Thane,Palghar
UI2DpXRI0F,GeoPoint,19.4226,74.3807,IN,401102,Navghar,Maharashtra,Thane,Palghar
JHa0pDZA9u,GeoPoint,19.4226,74.3807,IN,401102,Edwan,Maharashtra,Thane,Palghar
byLJZtABEV,GeoPoint,19.4226,74.3807,IN,401102,Dhekale,Maharashtra,Thane,Palghar
9eqEk4VYl9,GeoPoint,19.4226,74.3807,IN,401102,Datiware,Maharashtra,Thane,Palghar
55zEWlWVOo,GeoPoint,19.4226,74.3807,IN,401102,Dahisar tymanor,Maharashtra,Thane,Palghar
qEu3yJAqWm,GeoPoint,19.4226,74.3807,IN,401102,Agarwadi,Maharashtra,Thane,Mokhada
vBStDQbXNN,GeoPoint,19.8762,72.7627,IN,401103,Vangaon,Maharashtra,Thane,Palghar
rEI7HFKYsv,GeoPoint,19.6574,73.0343,IN,401103,Gowane,Maharashtra,Thane,Dahanu
QtdIknmuWM,GeoPoint,19.6574,73.0343,IN,401103,Chandigaon,Maharashtra,Thane,Dahanu
ZDnB9yN4Q2,GeoPoint,19.6574,73.0343,IN,401103,Bavada,Maharashtra,Thane,Dahanu
AVrBtrTGLf,GeoPoint,19.4387,73.3059,IN,401103,Asangaon,Maharashtra,Thane,Dahanu
0b1chAlkgr,GeoPoint,19.4115,73.396,IN,401105,Bhayander East,Maharashtra,Thane,Thane
IE2YxGvAtn,GeoPoint,19.2691,72.8096,IN,401106,Uttan,Maharashtra,Thane,Thane
z9OwoLvFcm,GeoPoint,19.285,72.8086,IN,401106,Dongri,Maharashtra,Thane,Vasai
L4nct9euit,GeoPoint,19.2836,72.8675,IN,401107,Mira Road,Maharashtra,Thane,Thane
V7T4dCUD5H,GeoPoint,19.2836,72.8675,IN,401107,Mira,Maharashtra,Thane,Thane
NW8ZNp3BmX,GeoPoint,19.2836,72.8675,IN,401107,Kashi,Maharashtra,Thane,Vasai
9pvvE6RLWN,GeoPoint,19.2836,72.8675,IN,401107,Ghodbander,Maharashtra,Thane,Vasai
u6WbkNLR8y,GeoPoint,19.4191,72.9126,IN,401201,Saloli,Maharashtra,Thane,Vasai
AWwrRcJnJ6,GeoPoint,19.4191,72.9126,IN,401201,Mulgaon,Maharashtra,Thane,Vasai
IdQtMCgD1A,GeoPoint,19.4191,72.9126,IN,401201,Kaular Budruk,Maharashtra,Thane,Vasai
7OOYcAkKk4,GeoPoint,19.4191,72.9126,IN,401201,Holi Bazar,Maharashtra,Thane,Vasai
hBakz0EHEA,GeoPoint,19.4191,72.9126,IN,401201,Girij,Maharashtra,Thane,Vasai
nu8XPzyMtL,GeoPoint,19.4191,72.9126,IN,401201,Bhuigaon,Maharashtra,Thane,Vasai
Gtqbh3ituw,GeoPoint,19.4191,72.9126,IN,401201,Bassein,Maharashtra,Thane,Bassein
ZOQFJr7s1I,GeoPoint,19.4191,72.9126,IN,401202,Vasai Road E,Maharashtra,Thane,Vasai
xd63wbYfOn,GeoPoint,19.4191,72.9126,IN,401202,Umela,Maharashtra,Thane,Vasai
aPHyNAbQpp,GeoPoint,19.4191,72.9126,IN,401202,Bassein Road,Maharashtra,Thane,Bassein
MupO0cdQBi,GeoPoint,19.4158,72.8008,IN,401203,Umrale,Maharashtra,Thane,Vasai
e82xHVIlRQ,GeoPoint,19.4158,72.8008,IN,401203,Sopara,Maharashtra,Thane,Vasai
LSu8wBkNGt,GeoPoint,19.5992,73.1509,IN,401203,Nala,Maharashtra,Thane,Vasai
tUUMyfevBN,GeoPoint,19.4158,72.8008,IN,401203,Gass,Maharashtra,Thane,Vasai
4eILJyH7Zh,GeoPoint,19.4869,73.0277,IN,401204,Vedhe,Maharashtra,Thane,Bhiwandi
moDcgrgVSq,GeoPoint,19.4869,73.0277,IN,401204,Vajreshwari,Maharashtra,Thane,Bhiwandi
C2O2mh5bjK,GeoPoint,19.4869,73.0277,IN,401204,Khaniwali,Maharashtra,Thane,Vada
8l549brCDq,GeoPoint,19.4869,73.0277,IN,401204,Kelthan,Maharashtra,Thane,Vada
QZEn2zUY2a,GeoPoint,19.4191,72.9126,IN,401206,Ganeshpuri,Maharashtra,Thane,Bhiwandi
qFxglfKQgF,GeoPoint,19.4191,72.9126,IN,401207,Papdi,Maharashtra,Thane,Vasai
dWqkIjJYHU,GeoPoint,19.5992,73.1509,IN,401207,Naigaon,Maharashtra,Thane,Vasai
MaCwGTsIaG,GeoPoint,19.3547,72.9094,IN,401208,Vasai East IE,Maharashtra,Thane,Vasai
oLAlJDF3p3,GeoPoint,19.3547,72.9094,IN,401208,Valiv,Maharashtra,Thane,Vasai
w4cwV9P5wX,GeoPoint,19.3547,72.9094,IN,401208,Satiwai,Maharashtra,Thane,Vasai
73QOi0mDr5,GeoPoint,19.3547,72.9094,IN,401208,Sasun Navghar,Maharashtra,Thane,Vasai
ecuXF588aN,GeoPoint,19.3547,72.9094,IN,401208,Rajawali,Maharashtra,Thane,Vasai
yA7g3YVZlP,GeoPoint,19.3547,72.9094,IN,401208,Pelhar,Maharashtra,Thane,Vasai
30HCfIP5h2,GeoPoint,19.3547,72.9094,IN,401208,Kaman,Maharashtra,Thane,Vasai
PsKeBVqwjB,GeoPoint,19.3547,72.9094,IN,401208,Juchandra,Maharashtra,Thane,Vasai
dCHOnSoEkE,GeoPoint,19.3547,72.9094,IN,401208,Gokhiware,Maharashtra,Thane,Vasai
G0YuZuI0re,GeoPoint,19.4191,72.9126,IN,401209,Nallosapare E,Maharashtra,Thane,Vasai
7bNLTSFUQz,GeoPoint,19.5992,73.1509,IN,401301,Vatar,Maharashtra,Thane,Vasai
ciN8AajeQo,GeoPoint,19.1455,73.474,IN,401301,Kophrad,Maharashtra,Thane,Vasai
yR3a7ReWdU,GeoPoint,19.1455,73.474,IN,401301,Chikhal Dongre,Maharashtra,Thane,Vasai
f8LW0qQPx9,GeoPoint,19.1455,73.474,IN,401301,Agashi,Maharashtra,Thane,Vasai
lJ6X0Hkj6U,GeoPoint,19.45,72.75,IN,401302,Arnala,Maharashtra,Thane,Vasai
MCNWfcy78U,GeoPoint,19.4559,72.8114,IN,401303,Virar,Maharashtra,Thane,Vasai
9ebNKGeiUD,GeoPoint,19.467,72.8546,IN,401303,Tilher,Maharashtra,Thane,Vasai
r47wzNydP5,GeoPoint,19.5992,73.1509,IN,401303,Saiwan,Maharashtra,Thane,Vasai
qvJ8a2UfQf,GeoPoint,19.467,72.8546,IN,401303,Parol,Maharashtra,Thane,Vasai
N3OX08geKl,GeoPoint,19.4782,72.8979,IN,401303,Mandvi,Maharashtra,Thane,Vasai
5ujkEV2JtF,GeoPoint,19.467,72.8546,IN,401303,Khaniwade,Maharashtra,Thane,Palghar
1FSfK0VLO2,GeoPoint,19.467,72.8546,IN,401303,Dahtsar T,Maharashtra,Thane,Palghar
xMRs4qNdy6,GeoPoint,19.467,72.8546,IN,401303,Chandansar,Maharashtra,Thane,Vasai
JxGRj5Ak9E,GeoPoint,19.467,72.8546,IN,401303,Bolinj,Maharashtra,Thane,Vasai
5mDrXap4Kp,GeoPoint,19.467,72.8546,IN,401303,Bhatane,Maharashtra,Thane,Vasai
ep76EuMj8N,GeoPoint,19.4004,72.7651,IN,401304,Nirmal (Thane),Maharashtra,Thane,Vasai
rnQLGieBb9,GeoPoint,19.5992,73.1509,IN,401304,Kalamb,Maharashtra,Thane,Vasai
2fP3Slucdw,GeoPoint,19.3291,73.109,IN,401305,Virar East,Maharashtra,Thane,Vasai
Qtqwg1VXqt,GeoPoint,19.2259,72.8782,IN,401401,Kelwa Road,Maharashtra,Thane,Palghar
fLW30bbbJM,GeoPoint,19.2259,72.8782,IN,401401,Kelwa (Thane),Maharashtra,Thane,Palghar
IcMk3gMzEK,GeoPoint,19.2259,72.8782,IN,401402,Kelwa-mahim,Maharashtra,Thane,Palghar
7VrxbMz7AH,GeoPoint,19.7244,72.9097,IN,401403,Somta,Maharashtra,Thane,Palghar
VEpYmKwSgW,GeoPoint,19.7244,72.9097,IN,401403,Maswan,Maharashtra,Thane,Palghar
Ff3Npw6xw5,GeoPoint,19.7244,72.9097,IN,401403,Manor,Maharashtra,Thane,Palghar
H9OVKQyRVz,GeoPoint,19.7244,72.9097,IN,401403,Kurze,Maharashtra,Thane,Vikramgad
rr8PWsBeV7,GeoPoint,19.5992,73.1509,IN,401403,Kondhan,Maharashtra,Thane,Palghar
XW4w0V9F1J,GeoPoint,19.7244,72.9097,IN,401403,Kev,Maharashtra,Thane,Vikramgad
tmfUcltqyv,GeoPoint,19.7244,72.9097,IN,401403,Govade,Maharashtra,Thane,Palghar
ZxCKC25FbD,GeoPoint,19.7244,72.9097,IN,401403,Durves,Maharashtra,Thane,Palghar
YIDLNMeGHi,GeoPoint,19.7244,72.9097,IN,401403,Bhopoli,Maharashtra,Thane,Vikramgad
GIefjNaAcq,GeoPoint,19.7244,72.9097,IN,401403,Bandhan,Maharashtra,Thane,Palghar
N4w1Y875yt,GeoPoint,19.7244,72.9097,IN,401403,Audhani,Maharashtra,Thane,Palghar
rytIMblBNC,GeoPoint,19.2259,72.8782,IN,401404,Palghar H.O,Maharashtra,Thane,Palghar
6LdNxltGCE,GeoPoint,19.0597,72.8677,IN,401405,Veur,Maharashtra,Thane,Vasai
v78nd0vfWE,GeoPoint,19.0597,72.8677,IN,401405,Tembhode,Maharashtra,Thane,Vasai
OCn1BW1Pl1,GeoPoint,19.6959,72.7153,IN,401405,Shirgaon,Maharashtra,Thane,Palghar
wIdtlOkeHC,GeoPoint,19.724,72.6997,IN,401405,Satpati,Maharashtra,Thane,Palghar
YETD7aiKT3,GeoPoint,19.0597,72.8677,IN,401405,Nihe,Maharashtra,Thane,Palghar
tIBAm0MQTL,GeoPoint,19.0597,72.8677,IN,401405,Nadore,Maharashtra,Thane,Palghar
TMxXzxcjpQ,GeoPoint,19.0597,72.8677,IN,401405,Kharekuran,Maharashtra,Thane,Palghar
cr6X7HEehf,GeoPoint,19.0597,72.8677,IN,401405,Katale,Maharashtra,Thane,Palghar
FcgP9v8Yft,GeoPoint,19.5992,73.1509,IN,401405,Dapoli,Maharashtra,Thane,Palghar
jzqEkEpGeJ,GeoPoint,19.8036,72.756,IN,401501,Umroli,Maharashtra,Thane,Palghar
9Sf8PybxwS,GeoPoint,19.8036,72.756,IN,401501,Shigaon,Maharashtra,Thane,Palghar
51iZZNM6YS,GeoPoint,19.8036,72.756,IN,401501,Sarawali,Maharashtra,Thane,Palghar
HooOcdbACg,GeoPoint,19.8036,72.756,IN,401501,Nandgaon Tarapur,Maharashtra,Thane,Palghar
FCdjqGXi72,GeoPoint,19.8036,72.756,IN,401501,Nanapur,Maharashtra,Thane,Palghar
v1pYIkZqpM,GeoPoint,19.8036,72.756,IN,401501,Murbe,Maharashtra,Thane,Palghar
BPkIGnC95m,GeoPoint,19.5992,73.1509,IN,401501,Mahagaon,Maharashtra,Thane,Palghar
tNQXEKusdF,GeoPoint,19.8036,72.756,IN,401501,Kumbhawali,Maharashtra,Thane,Palghar
ZpSeMIksKq,GeoPoint,19.8036,72.756,IN,401501,Dandi,Maharashtra,Thane,Palghar
v0QeVf5HKY,GeoPoint,19.8036,72.756,IN,401501,Boisar,Maharashtra,Thane,Palghar
3NLqrVbIqU,GeoPoint,19.8036,72.756,IN,401501,Bategaon,Maharashtra,Thane,Palghar
oC7zKUG23l,GeoPoint,19.8036,72.756,IN,401501,Akkarpatti,Maharashtra,Thane,Dahanu
4g64gufq0V,GeoPoint,19.8318,72.8891,IN,401502,Vengani,Maharashtra,Thane,Palghar
dwOQeGmiCS,GeoPoint,19.865,72.6843,IN,401502,Tarapur (Thane),Maharashtra,Thane,Palghar
6Wf6UD83SA,GeoPoint,19.7986,73.094,IN,401502,Kudan,Maharashtra,Thane,Palghar
3qqq9YPSgV,GeoPoint,19.8318,72.8891,IN,401502,Ghiwali,Maharashtra,Thane,Palghar
EFcJSIT4IJ,GeoPoint,19.8318,72.8891,IN,401502,Dahisar Tarapur,Maharashtra,Thane,Palghar
ktH9SIkO6W,GeoPoint,19.8746,72.6851,IN,401503,Varor,Maharashtra,Thane,Dahanu
G2fPr1X4U9,GeoPoint,19.8746,72.6851,IN,401503,Vadhavan,Maharashtra,Thane,Dahanu
Ht5S1mpN4S,GeoPoint,19.8746,72.6851,IN,401503,Tanashi,Maharashtra,Thane,Dahanu
H80YRceHfK,GeoPoint,19.8746,72.6851,IN,401503,Chinchani,Maharashtra,Thane,Dahanu
rxM95krs83,GeoPoint,19.8354,72.8048,IN,401504,Tarapur App,Maharashtra,Thane,Palghar
DSqcEOEqdN,GeoPoint,19.8354,72.8048,IN,401504,Salwad,Maharashtra,Thane,Palghar
ZDRy5ULG2i,GeoPoint,19.8354,72.8048,IN,401504,Parnali,Maharashtra,Thane,Palghar
VimakueRfF,GeoPoint,19.8354,72.8048,IN,401506,Tarapur Ti,Maharashtra,Thane,Palghar
tZpz0BSuxI,GeoPoint,19.9678,72.7126,IN,401601,Narpad,Maharashtra,Thane,Dahanu
3POoFtLvQP,GeoPoint,19.5992,73.1509,IN,401601,Dahanu,Maharashtra,Thane,Dahanu
iGc3FIZAJi,GeoPoint,19.9678,72.7126,IN,401601,Badapokharan,Maharashtra,Thane,Dahanu
h4utn5pbtJ,GeoPoint,19.5992,73.1509,IN,401602,Waki,Maharashtra,Thane,Dahanu
FG4TZ6MC5h,GeoPoint,19.7623,73.5785,IN,401602,Urse,Maharashtra,Thane,Dahanu
tHOz7cWeS7,GeoPoint,19.7623,73.5785,IN,401602,Sawata,Maharashtra,Thane,Dahanu
RDZxWpsULp,GeoPoint,19.5992,73.1509,IN,401602,Saiwan,Maharashtra,Thane,Dahanu
BDApr95205,GeoPoint,19.7623,73.5785,IN,401602,Ranshet,Maharashtra,Thane,Dahanu
P3ud17vhYH,GeoPoint,19.7623,73.5785,IN,401602,Nikane,Maharashtra,Thane,Dahanu
xVIU6aEjZo,GeoPoint,19.7623,73.5785,IN,401602,Karaj Gaon,Maharashtra,Thane,Talasari
7LcneRNEXx,GeoPoint,19.7623,73.5785,IN,401602,Kainad,Maharashtra,Thane,Dahanu
O37Zzzvbdt,GeoPoint,19.7623,73.5785,IN,401602,Jamshet,Maharashtra,Thane,Mokhada
6ex6wY3PFq,GeoPoint,19.7623,73.5785,IN,401602,Ganjad,Maharashtra,Thane,Dahanu
VtHY3wHaco,GeoPoint,19.7623,73.5785,IN,401602,Dahanu Road,Maharashtra,Thane,Dahanu
mkhczwu2Zs,GeoPoint,19.7623,73.5785,IN,401602,Chikhale,Maharashtra,Thane,Dahanu
wnBPmHtDvU,GeoPoint,19.7623,73.5785,IN,401602,Charoti,Maharashtra,Thane,Dahanu
3qVIG0gEWU,GeoPoint,19.7623,73.5785,IN,401602,Bapugaon,Maharashtra,Thane,Dahanu
t4fSckPw7o,GeoPoint,19.7623,73.5785,IN,401602,Ashagad,Maharashtra,Thane,Dahanu
Lm6B8EhgjI,GeoPoint,19.7623,73.5785,IN,401602,Agawan,Maharashtra,Thane,Mokhada
YCltOzctrR,GeoPoint,19.9243,73.3195,IN,401603,Zap,Maharashtra,Thane,Jawhar
k8OPNWeERZ,GeoPoint,19.9243,73.3195,IN,401603,Valvande,Maharashtra,Thane,Jawhar
4K79HEfBx3,GeoPoint,19.4019,73.6094,IN,401603,Shiroshi,Maharashtra,Thane,Jawhar
TJJ2gQ6FOI,GeoPoint,19.9243,73.3195,IN,401603,Sankhare,Maharashtra,Thane,Vikramgad
EBCBrCVsh8,GeoPoint,19.9243,73.3195,IN,401603,Sakharshet,Maharashtra,Thane,Jawhar
CTFaxCKwv2,GeoPoint,19.9095,72.8126,IN,401603,Sakhare,Maharashtra,Thane,Vikramgad
6kBMlqM7KC,GeoPoint,19.9243,73.3195,IN,401603,Pimpalshet,Maharashtra,Thane,Jawhar
ocHAIm1CyV,GeoPoint,19.5992,73.1509,IN,401603,Pathardi,Maharashtra,Thane,Mokhada
IxGBPf4hfC,GeoPoint,19.9243,73.3195,IN,401603,Nyhale Khurdh,Maharashtra,Thane,Jawhar
AtsUxBrskS,GeoPoint,19.9243,73.3195,IN,401603,Nyhale Budruk,Maharashtra,Thane,Jawhar
AMqJNcosnU,GeoPoint,19.76,72.6884,IN,401603,Nandgaon,Maharashtra,Thane,Jawhar
2uxBEiwi3k,GeoPoint,19.9243,73.3195,IN,401603,Kogade,Maharashtra,Thane,Jawhar
0Nq3aqHnJ2,GeoPoint,19.9243,73.3195,IN,401603,Khuded,Maharashtra,Thane,Vikramgad
NPvwIMmdoI,GeoPoint,19.5992,73.1509,IN,401603,Karhe,Maharashtra,Thane,Vikramgad
8p9zVwheoe,GeoPoint,19.9121,73.2268,IN,401603,Jawhar,Maharashtra,Thane,Jawhar
I8oABbldzW,GeoPoint,19.9243,73.3195,IN,401603,Jamsar,Maharashtra,Thane,Jawhar
M8Bcrq0V2J,GeoPoint,19.9243,73.3195,IN,401603,Dhanoshi,Maharashtra,Thane,Jawhar
bcvEggTdyW,GeoPoint,19.9243,73.3195,IN,401603,Dengachimet,Maharashtra,Thane,Jawhar
aGNQTaU9dT,GeoPoint,19.9243,73.3195,IN,401603,Dehere,Maharashtra,Thane,Jawhar
9y68w3sID2,GeoPoint,19.5992,73.1509,IN,401603,Dabheri,Maharashtra,Thane,Dahanu
n2rx2r8VYR,GeoPoint,19.5422,74.7254,IN,401604,Vashala,Maharashtra,Thane,Mokhada
kuNADHLrBt,GeoPoint,19.5422,74.7254,IN,401604,Udhale,Maharashtra,Thane,Mokhada
xMWCJjucNf,GeoPoint,19.5422,74.7254,IN,401604,Poshera,Maharashtra,Thane,Mokhada
eTDRwC2WU8,GeoPoint,19.5422,74.7254,IN,401604,Morhanda,Maharashtra,Thane,Mokhada
HKaV4OGZAK,GeoPoint,19.9365,73.3403,IN,401604,Mokhada,Maharashtra,Thane,Mokhada
5ohlLHYyve,GeoPoint,19.5422,74.7254,IN,401604,Koch,Maharashtra,Thane,Mokhada
ENNsBYWb7G,GeoPoint,19.5422,74.7254,IN,401604,Khodale,Maharashtra,Thane,Mokhada
qyeKGuRXNO,GeoPoint,19.5422,74.7254,IN,401604,Kharegaon,Maharashtra,Thane,Mokhada
odbOCudpgD,GeoPoint,19.5422,74.7254,IN,401604,Gomghar,Maharashtra,Thane,Mokhada
14pK5Cz9CP,GeoPoint,19.5992,73.1509,IN,401604,Dolhara,Maharashtra,Thane,Mokhada
Dw3HkHRU21,GeoPoint,19.5992,73.1509,IN,401604,Chas,Maharashtra,Thane,Mokhada
3rm6ug2fFf,GeoPoint,19.5422,74.7254,IN,401604,Beriste,Maharashtra,Thane,Mokhada
CjFjaggOUQ,GeoPoint,19.5422,74.7254,IN,401604,Ase,Maharashtra,Thane,Mokhada
BSiAuPX4sX,GeoPoint,19.7623,73.5785,IN,401605,Vikramgad,Maharashtra,Thane,Vikramgad
sMkVOXR3p6,GeoPoint,19.7623,73.5785,IN,401605,Sukhasale,Maharashtra,Thane,Vikramgad
zG6fIFA54Q,GeoPoint,19.7623,73.5785,IN,401605,Ondhe,Maharashtra,Thane,Vikramgad
LmtjAF3pZu,GeoPoint,19.7623,73.5785,IN,401605,Medhi,Maharashtra,Thane,Vikramgad
e8MKa1SuLS,GeoPoint,19.7623,73.5785,IN,401605,Khoste,Maharashtra,Thane,Vikramgad
ZhJj29mKIr,GeoPoint,19.7623,73.5785,IN,401605,Dadade,Maharashtra,Thane,Palghar
y1L2CcqvAd,GeoPoint,19.5949,73.3603,IN,401606,Zari,Maharashtra,Thane,Talasari
pB0QSQ3w53,GeoPoint,19.5949,73.3603,IN,401606,Vevji,Maharashtra,Thane,Talasari
vNAvMCkJCO,GeoPoint,19.5949,73.3603,IN,401606,Uplat,Maharashtra,Thane,Talasari
cPhiuP4R7X,GeoPoint,19.5949,73.3603,IN,401606,Udhave,Maharashtra,Thane,Talasari
QSMyNway6G,GeoPoint,19.5949,73.3603,IN,401606,Talasari,Maharashtra,Thane,Talasari
NJO88oEVoD,GeoPoint,19.5949,73.3603,IN,401606,Modgaon,Maharashtra,Thane,Dahanu
zp5J22CiOp,GeoPoint,19.5949,73.3603,IN,401606,Kurze,Maharashtra,Thane,Vikramgad
nsY8Q7DRch,GeoPoint,19.5949,73.3603,IN,401606,Kochai,Maharashtra,Thane,Talasari
m3D3b3uUiw,GeoPoint,19.5992,73.1509,IN,401606,Girgaon,Maharashtra,Thane,Talasari
JK11HJU63p,GeoPoint,19.285,72.8086,IN,401606,Dongri,Maharashtra,Thane,Talasari
yc9IyO2HNO,GeoPoint,19.5949,73.3603,IN,401606,Dhundalwadi,Maharashtra,Thane,Dahanu
ofbSHW7wxI,GeoPoint,19.5949,73.3603,IN,401606,Dhaniwari,Maharashtra,Thane,Dahanu
zLfOw9GSC0,GeoPoint,19.5992,73.1509,IN,401606,Dabhadi,Maharashtra,Thane,Dahanu
mFJODSA0Hu,GeoPoint,19.5949,73.3603,IN,401606,Acchad,Maharashtra,Thane,Talasari
UKHHgz9OSv,GeoPoint,19.909,72.9531,IN,401607,Veti,Maharashtra,Thane,Vikramgad
HiAiDoLkVt,GeoPoint,19.909,72.9531,IN,401607,Tawa,Maharashtra,Thane,Dahanu
XVt1CyI2XA,GeoPoint,19.909,72.9531,IN,401607,Talawada,Maharashtra,Thane,Vikramgad
s9wZxrp5Ze,GeoPoint,19.909,72.9531,IN,401607,Rankol,Maharashtra,Thane,Dahanu
BnGabTjmtY,GeoPoint,19.909,72.9531,IN,401607,Kasa Budruk,Maharashtra,Thane,Dahanu
CBawkJ8I1o,GeoPoint,19.909,72.9531,IN,401607,Kasa,Maharashtra,Thane,Dahanu
F8RWKmaNxS,GeoPoint,19.7623,73.5785,IN,401608,Dahanu TPS,Maharashtra,Thane,Dahanu
XeTkrdi3qw,GeoPoint,19.7623,73.5785,IN,401609,Suryanagar (Thane),Maharashtra,Thane,Dahanu
qPNeQMBcd1,GeoPoint,19.7623,73.5785,IN,401610,Dapchari,Maharashtra,Thane,Dahanu
wvoF36ii07,GeoPoint,20.1157,72.7388,IN,401701,Borigaon,Maharashtra,Thane,Talasari
JEiWJQDHpl,GeoPoint,20.1157,72.7388,IN,401701,Bordi,Maharashtra,Thane,Dahanu
mGzZNteE5o,GeoPoint,20.0847,72.7289,IN,401702,Gholvad,Maharashtra,Thane,Dahanu
KBzU53G6BR,GeoPoint,20.1002,72.7339,IN,401703,Kosbad-hill,Maharashtra,Thane,Dahanu
